Location ID,Year,Month,Month Target,Sales Target,%  Yearly Sales Target ,Date ID
A189,2019,1,1856.0,46400,0.04,20190101
A189,2019,2,3248.0000000000005,46400,0.07,20190201
A189,2019,3,3248.0000000000005,46400,0.07,20190301
A189,2019,4,4640.0,46400,0.1,20190401
A189,2019,5,6032.0,46400,0.13,20190501
A189,2019,6,6496.000000000001,46400,0.14,20190601
A189,2019,7,5568.0,46400,0.12,20190701
A189,2019,8,4176.0,46400,0.09,20190801
A189,2019,9,3248.0000000000005,46400,0.07,2019901
A189,2019,10,3712.0,46400,0.08,20191001
A189,2019,11,2320.0,46400,0.05,20191101
A189,2019,12,1856.0,46400,0.04,20191201
A165,2019,1,2136.0,53400,0.04,20190101
A165,2019,2,3738.0000000000005,53400,0.07,20190201
A165,2019,3,3738.0000000000005,53400,0.07,20190301
A165,2019,4,5340.0,53400,0.1,20190401
A165,2019,5,6942.0,53400,0.13,20190501
A165,2019,6,7476.000000000001,53400,0.14,20190601
A165,2019,7,6408.0,53400,0.12,20190701
A165,2019,8,4806.0,53400,0.09,20190801
A165,2019,9,3738.0000000000005,53400,0.07,2019901
A165,2019,10,4272.0,53400,0.08,20191001
A165,2019,11,2670.0,53400,0.05,20191101
A165,2019,12,2136.0,53400,0.04,20191201
A190,2019,1,1832.0,45800,0.04,20190101
A190,2019,2,3206.0000000000005,45800,0.07,20190201
A190,2019,3,3206.0000000000005,45800,0.07,20190301
A190,2019,4,4580.0,45800,0.1,20190401
A190,2019,5,5954.0,45800,0.13,20190501
A190,2019,6,6412.000000000001,45800,0.14,20190601
A190,2019,7,5496.0,45800,0.12,20190701
A190,2019,8,4122.0,45800,0.09,20190801
A190,2019,9,3206.0000000000005,45800,0.07,2019901
A190,2019,10,3664.0,45800,0.08,20191001
A190,2019,11,2290.0,45800,0.05,20191101
A190,2019,12,1832.0,45800,0.04,20191201
A135,2019,1,1608.0,40200,0.04,20190101
A135,2019,2,2814.0000000000005,40200,0.07,20190201
A135,2019,3,2814.0000000000005,40200,0.07,20190301
A135,2019,4,4020.0,40200,0.1,20190401
A135,2019,5,5226.0,40200,0.13,20190501
A135,2019,6,5628.000000000001,40200,0.14,20190601
A135,2019,7,4824.0,40200,0.12,20190701
A135,2019,8,3618.0,40200,0.09,20190801
A135,2019,9,2814.0000000000005,40200,0.07,2019901
A135,2019,10,3216.0,40200,0.08,20191001
A135,2019,11,2010.0,40200,0.05,20191101
A135,2019,12,1608.0,40200,0.04,20191201
A136,2019,1,1668.0,41700,0.04,20190101
A136,2019,2,2919.0000000000005,41700,0.07,20190201
A136,2019,3,2919.0000000000005,41700,0.07,20190301
A136,2019,4,4170.0,41700,0.1,20190401
A136,2019,5,5421.0,41700,0.13,20190501
A136,2019,6,5838.000000000001,41700,0.14,20190601
A136,2019,7,5004.0,41700,0.12,20190701
A136,2019,8,3753.0,41700,0.09,20190801
A136,2019,9,2919.0000000000005,41700,0.07,2019901
A136,2019,10,3336.0,41700,0.08,20191001
A136,2019,11,2085.0,41700,0.05,20191101
A136,2019,12,1668.0,41700,0.04,20191201
A137,2019,1,2508.0,62700,0.04,20190101
A137,2019,2,4389.0,62700,0.07,20190201
A137,2019,3,4389.0,62700,0.07,20190301
A137,2019,4,6270.0,62700,0.1,20190401
A137,2019,5,8151.0,62700,0.13,20190501
A137,2019,6,8778.0,62700,0.14,20190601
A137,2019,7,7524.0,62700,0.12,20190701
A137,2019,8,5643.0,62700,0.09,20190801
A137,2019,9,4389.0,62700,0.07,2019901
A137,2019,10,5016.0,62700,0.08,20191001
A137,2019,11,3135.0,62700,0.05,20191101
A137,2019,12,2508.0,62700,0.04,20191201
A166,2019,1,2120.0,53000,0.04,20190101
A166,2019,2,3710.0000000000005,53000,0.07,20190201
A166,2019,3,3710.0000000000005,53000,0.07,20190301
A166,2019,4,5300.0,53000,0.1,20190401
A166,2019,5,6890.0,53000,0.13,20190501
A166,2019,6,7420.000000000001,53000,0.14,20190601
A166,2019,7,6360.0,53000,0.12,20190701
A166,2019,8,4770.0,53000,0.09,20190801
A166,2019,9,3710.0000000000005,53000,0.07,2019901
A166,2019,10,4240.0,53000,0.08,20191001
A166,2019,11,2650.0,53000,0.05,20191101
A166,2019,12,2120.0,53000,0.04,20191201
A147,2019,1,1864.0,46600,0.04,20190101
A147,2019,2,3262.0000000000005,46600,0.07,20190201
A147,2019,3,3262.0000000000005,46600,0.07,20190301
A147,2019,4,4660.0,46600,0.1,20190401
A147,2019,5,6058.0,46600,0.13,20190501
A147,2019,6,6524.000000000001,46600,0.14,20190601
A147,2019,7,5592.0,46600,0.12,20190701
A147,2019,8,4194.0,46600,0.09,20190801
A147,2019,9,3262.0000000000005,46600,0.07,2019901
A147,2019,10,3728.0,46600,0.08,20191001
A147,2019,11,2330.0,46600,0.05,20191101
A147,2019,12,1864.0,46600,0.04,20191201
A142,2019,1,1160.0,29000,0.04,20190101
A142,2019,2,2030.0000000000002,29000,0.07,20190201
A142,2019,3,2030.0000000000002,29000,0.07,20190301
A142,2019,4,2900.0,29000,0.1,20190401
A142,2019,5,3770.0,29000,0.13,20190501
A142,2019,6,4060.0000000000005,29000,0.14,20190601
A142,2019,7,3480.0,29000,0.12,20190701
A142,2019,8,2610.0,29000,0.09,20190801
A142,2019,9,2030.0000000000002,29000,0.07,2019901
A142,2019,10,2320.0,29000,0.08,20191001
A142,2019,11,1450.0,29000,0.05,20191101
A142,2019,12,1160.0,29000,0.04,20191201
A110,2019,1,3060.0,76500,0.04,20190101
A110,2019,2,5355.000000000001,76500,0.07,20190201
A110,2019,3,5355.000000000001,76500,0.07,20190301
A110,2019,4,7650.0,76500,0.1,20190401
A110,2019,5,9945.0,76500,0.13,20190501
A110,2019,6,10710.000000000002,76500,0.14,20190601
A110,2019,7,9180.0,76500,0.12,20190701
A110,2019,8,6885.0,76500,0.09,20190801
A110,2019,9,5355.000000000001,76500,0.07,2019901
A110,2019,10,6120.0,76500,0.08,20191001
A110,2019,11,3825.0,76500,0.05,20191101
A110,2019,12,3060.0,76500,0.04,20191201
A100,2019,1,1588.0,39700,0.04,20190101
A100,2019,2,2779.0000000000005,39700,0.07,20190201
A100,2019,3,2779.0000000000005,39700,0.07,20190301
A100,2019,4,3970.0,39700,0.1,20190401
A100,2019,5,5161.0,39700,0.13,20190501
A100,2019,6,5558.000000000001,39700,0.14,20190601
A100,2019,7,4764.0,39700,0.12,20190701
A100,2019,8,3573.0,39700,0.09,20190801
A100,2019,9,2779.0000000000005,39700,0.07,2019901
A100,2019,10,3176.0,39700,0.08,20191001
A100,2019,11,1985.0,39700,0.05,20191101
A100,2019,12,1588.0,39700,0.04,20191201
A101,2019,1,1972.0,49300,0.04,20190101
A101,2019,2,3451.0000000000005,49300,0.07,20190201
A101,2019,3,3451.0000000000005,49300,0.07,20190301
A101,2019,4,4930.0,49300,0.1,20190401
A101,2019,5,6409.0,49300,0.13,20190501
A101,2019,6,6902.000000000001,49300,0.14,20190601
A101,2019,7,5916.0,49300,0.12,20190701
A101,2019,8,4437.0,49300,0.09,20190801
A101,2019,9,3451.0000000000005,49300,0.07,2019901
A101,2019,10,3944.0,49300,0.08,20191001
A101,2019,11,2465.0,49300,0.05,20191101
A101,2019,12,1972.0,49300,0.04,20191201
A167,2019,1,1896.0,47400,0.04,20190101
A167,2019,2,3318.0000000000005,47400,0.07,20190201
A167,2019,3,3318.0000000000005,47400,0.07,20190301
A167,2019,4,4740.0,47400,0.1,20190401
A167,2019,5,6162.0,47400,0.13,20190501
A167,2019,6,6636.000000000001,47400,0.14,20190601
A167,2019,7,5688.0,47400,0.12,20190701
A167,2019,8,4266.0,47400,0.09,20190801
A167,2019,9,3318.0000000000005,47400,0.07,2019901
A167,2019,10,3792.0,47400,0.08,20191001
A167,2019,11,2370.0,47400,0.05,20191101
A167,2019,12,1896.0,47400,0.04,20191201
A168,2019,1,2728.0,68200,0.04,20190101
A168,2019,2,4774.0,68200,0.07,20190201
A168,2019,3,4774.0,68200,0.07,20190301
A168,2019,4,6820.0,68200,0.1,20190401
A168,2019,5,8866.0,68200,0.13,20190501
A168,2019,6,9548.0,68200,0.14,20190601
A168,2019,7,8184.0,68200,0.12,20190701
A168,2019,8,6138.0,68200,0.09,20190801
A168,2019,9,4774.0,68200,0.07,2019901
A168,2019,10,5456.0,68200,0.08,20191001
A168,2019,11,3410.0,68200,0.05,20191101
A168,2019,12,2728.0,68200,0.04,20191201
A169,2019,1,1484.0,37100,0.04,20190101
A169,2019,2,2597.0000000000005,37100,0.07,20190201
A169,2019,3,2597.0000000000005,37100,0.07,20190301
A169,2019,4,3710.0,37100,0.1,20190401
A169,2019,5,4823.0,37100,0.13,20190501
A169,2019,6,5194.000000000001,37100,0.14,20190601
A169,2019,7,4452.0,37100,0.12,20190701
A169,2019,8,3339.0,37100,0.09,20190801
A169,2019,9,2597.0000000000005,37100,0.07,2019901
A169,2019,10,2968.0,37100,0.08,20191001
A169,2019,11,1855.0,37100,0.05,20191101
A169,2019,12,1484.0,37100,0.04,20191201
A143,2019,1,1624.0,40600,0.04,20190101
A143,2019,2,2842.0000000000005,40600,0.07,20190201
A143,2019,3,2842.0000000000005,40600,0.07,20190301
A143,2019,4,4060.0,40600,0.1,20190401
A143,2019,5,5278.0,40600,0.13,20190501
A143,2019,6,5684.000000000001,40600,0.14,20190601
A143,2019,7,4872.0,40600,0.12,20190701
A143,2019,8,3654.0,40600,0.09,20190801
A143,2019,9,2842.0000000000005,40600,0.07,2019901
A143,2019,10,3248.0,40600,0.08,20191001
A143,2019,11,2030.0,40600,0.05,20191101
A143,2019,12,1624.0,40600,0.04,20191201
A111,2019,1,2188.0,54700,0.04,20190101
A111,2019,2,3829.0000000000005,54700,0.07,20190201
A111,2019,3,3829.0000000000005,54700,0.07,20190301
A111,2019,4,5470.0,54700,0.1,20190401
A111,2019,5,7111.0,54700,0.13,20190501
A111,2019,6,7658.000000000001,54700,0.14,20190601
A111,2019,7,6564.0,54700,0.12,20190701
A111,2019,8,4923.0,54700,0.09,20190801
A111,2019,9,3829.0000000000005,54700,0.07,2019901
A111,2019,10,4376.0,54700,0.08,20191001
A111,2019,11,2735.0,54700,0.05,20191101
A111,2019,12,2188.0,54700,0.04,20191201
A149,2019,1,1812.0,45300,0.04,20190101
A149,2019,2,3171.0000000000005,45300,0.07,20190201
A149,2019,3,3171.0000000000005,45300,0.07,20190301
A149,2019,4,4530.0,45300,0.1,20190401
A149,2019,5,5889.0,45300,0.13,20190501
A149,2019,6,6342.000000000001,45300,0.14,20190601
A149,2019,7,5436.0,45300,0.12,20190701
A149,2019,8,4077.0,45300,0.09,20190801
A149,2019,9,3171.0000000000005,45300,0.07,2019901
A149,2019,10,3624.0,45300,0.08,20191001
A149,2019,11,2265.0,45300,0.05,20191101
A149,2019,12,1812.0,45300,0.04,20191201
A186,2019,1,1372.0,34300,0.04,20190101
A186,2019,2,2401.0000000000005,34300,0.07,20190201
A186,2019,3,2401.0000000000005,34300,0.07,20190301
A186,2019,4,3430.0,34300,0.1,20190401
A186,2019,5,4459.0,34300,0.13,20190501
A186,2019,6,4802.000000000001,34300,0.14,20190601
A186,2019,7,4116.0,34300,0.12,20190701
A186,2019,8,3087.0,34300,0.09,20190801
A186,2019,9,2401.0000000000005,34300,0.07,2019901
A186,2019,10,2744.0,34300,0.08,20191001
A186,2019,11,1715.0,34300,0.05,20191101
A186,2019,12,1372.0,34300,0.04,20191201
A150,2019,1,2224.0,55600,0.04,20190101
A150,2019,2,3892.0000000000005,55600,0.07,20190201
A150,2019,3,3892.0000000000005,55600,0.07,20190301
A150,2019,4,5560.0,55600,0.1,20190401
A150,2019,5,7228.0,55600,0.13,20190501
A150,2019,6,7784.000000000001,55600,0.14,20190601
A150,2019,7,6672.0,55600,0.12,20190701
A150,2019,8,5004.0,55600,0.09,20190801
A150,2019,9,3892.0000000000005,55600,0.07,2019901
A150,2019,10,4448.0,55600,0.08,20191001
A150,2019,11,2780.0,55600,0.05,20191101
A150,2019,12,2224.0,55600,0.04,20191201
A191,2019,1,1592.0,39800,0.04,20190101
A191,2019,2,2786.0000000000005,39800,0.07,20190201
A191,2019,3,2786.0000000000005,39800,0.07,20190301
A191,2019,4,3980.0,39800,0.1,20190401
A191,2019,5,5174.0,39800,0.13,20190501
A191,2019,6,5572.000000000001,39800,0.14,20190601
A191,2019,7,4776.0,39800,0.12,20190701
A191,2019,8,3582.0,39800,0.09,20190801
A191,2019,9,2786.0000000000005,39800,0.07,2019901
A191,2019,10,3184.0,39800,0.08,20191001
A191,2019,11,1990.0,39800,0.05,20191101
A191,2019,12,1592.0,39800,0.04,20191201
A112,2019,1,1500.0,37500,0.04,20190101
A112,2019,2,2625.0000000000005,37500,0.07,20190201
A112,2019,3,2625.0000000000005,37500,0.07,20190301
A112,2019,4,3750.0,37500,0.1,20190401
A112,2019,5,4875.0,37500,0.13,20190501
A112,2019,6,5250.000000000001,37500,0.14,20190601
A112,2019,7,4500.0,37500,0.12,20190701
A112,2019,8,3375.0,37500,0.09,20190801
A112,2019,9,2625.0000000000005,37500,0.07,2019901
A112,2019,10,3000.0,37500,0.08,20191001
A112,2019,11,1875.0,37500,0.05,20191101
A112,2019,12,1500.0,37500,0.04,20191201
A148,2019,1,1428.0,35700,0.04,20190101
A148,2019,2,2499.0000000000005,35700,0.07,20190201
A148,2019,3,2499.0000000000005,35700,0.07,20190301
A148,2019,4,3570.0,35700,0.1,20190401
A148,2019,5,4641.0,35700,0.13,20190501
A148,2019,6,4998.000000000001,35700,0.14,20190601
A148,2019,7,4284.0,35700,0.12,20190701
A148,2019,8,3213.0,35700,0.09,20190801
A148,2019,9,2499.0000000000005,35700,0.07,2019901
A148,2019,10,2856.0,35700,0.08,20191001
A148,2019,11,1785.0,35700,0.05,20191101
A148,2019,12,1428.0,35700,0.04,20191201
A187,2019,1,1588.0,39700,0.04,20190101
A187,2019,2,2779.0000000000005,39700,0.07,20190201
A187,2019,3,2779.0000000000005,39700,0.07,20190301
A187,2019,4,3970.0,39700,0.1,20190401
A187,2019,5,5161.0,39700,0.13,20190501
A187,2019,6,5558.000000000001,39700,0.14,20190601
A187,2019,7,4764.0,39700,0.12,20190701
A187,2019,8,3573.0,39700,0.09,20190801
A187,2019,9,2779.0000000000005,39700,0.07,2019901
A187,2019,10,3176.0,39700,0.08,20191001
A187,2019,11,1985.0,39700,0.05,20191101
A187,2019,12,1588.0,39700,0.04,20191201
A138,2019,1,1892.0,47300,0.04,20190101
A138,2019,2,3311.0000000000005,47300,0.07,20190201
A138,2019,3,3311.0000000000005,47300,0.07,20190301
A138,2019,4,4730.0,47300,0.1,20190401
A138,2019,5,6149.0,47300,0.13,20190501
A138,2019,6,6622.000000000001,47300,0.14,20190601
A138,2019,7,5676.0,47300,0.12,20190701
A138,2019,8,4257.0,47300,0.09,20190801
A138,2019,9,3311.0000000000005,47300,0.07,2019901
A138,2019,10,3784.0,47300,0.08,20191001
A138,2019,11,2365.0,47300,0.05,20191101
A138,2019,12,1892.0,47300,0.04,20191201
A113,2019,1,2004.0,50100,0.04,20190101
A113,2019,2,3507.0000000000005,50100,0.07,20190201
A113,2019,3,3507.0000000000005,50100,0.07,20190301
A113,2019,4,5010.0,50100,0.1,20190401
A113,2019,5,6513.0,50100,0.13,20190501
A113,2019,6,7014.000000000001,50100,0.14,20190601
A113,2019,7,6012.0,50100,0.12,20190701
A113,2019,8,4509.0,50100,0.09,20190801
A113,2019,9,3507.0000000000005,50100,0.07,2019901
A113,2019,10,4008.0,50100,0.08,20191001
A113,2019,11,2505.0,50100,0.05,20191101
A113,2019,12,2004.0,50100,0.04,20191201
A114,2019,1,2060.0,51500,0.04,20190101
A114,2019,2,3605.0000000000005,51500,0.07,20190201
A114,2019,3,3605.0000000000005,51500,0.07,20190301
A114,2019,4,5150.0,51500,0.1,20190401
A114,2019,5,6695.0,51500,0.13,20190501
A114,2019,6,7210.000000000001,51500,0.14,20190601
A114,2019,7,6180.0,51500,0.12,20190701
A114,2019,8,4635.0,51500,0.09,20190801
A114,2019,9,3605.0000000000005,51500,0.07,2019901
A114,2019,10,4120.0,51500,0.08,20191001
A114,2019,11,2575.0,51500,0.05,20191101
A114,2019,12,2060.0,51500,0.04,20191201
A151,2019,1,1936.0,48400,0.04,20190101
A151,2019,2,3388.0000000000005,48400,0.07,20190201
A151,2019,3,3388.0000000000005,48400,0.07,20190301
A151,2019,4,4840.0,48400,0.1,20190401
A151,2019,5,6292.0,48400,0.13,20190501
A151,2019,6,6776.000000000001,48400,0.14,20190601
A151,2019,7,5808.0,48400,0.12,20190701
A151,2019,8,4356.0,48400,0.09,20190801
A151,2019,9,3388.0000000000005,48400,0.07,2019901
A151,2019,10,3872.0,48400,0.08,20191001
A151,2019,11,2420.0,48400,0.05,20191101
A151,2019,12,1936.0,48400,0.04,20191201
A159,2019,1,1840.0,46000,0.04,20190101
A159,2019,2,3220.0000000000005,46000,0.07,20190201
A159,2019,3,3220.0000000000005,46000,0.07,20190301
A159,2019,4,4600.0,46000,0.1,20190401
A159,2019,5,5980.0,46000,0.13,20190501
A159,2019,6,6440.000000000001,46000,0.14,20190601
A159,2019,7,5520.0,46000,0.12,20190701
A159,2019,8,4140.0,46000,0.09,20190801
A159,2019,9,3220.0000000000005,46000,0.07,2019901
A159,2019,10,3680.0,46000,0.08,20191001
A159,2019,11,2300.0,46000,0.05,20191101
A159,2019,12,1840.0,46000,0.04,20191201
A160,2019,1,1172.0,29300,0.04,20190101
A160,2019,2,2051.0,29300,0.07,20190201
A160,2019,3,2051.0,29300,0.07,20190301
A160,2019,4,2930.0,29300,0.1,20190401
A160,2019,5,3809.0,29300,0.13,20190501
A160,2019,6,4102.0,29300,0.14,20190601
A160,2019,7,3516.0,29300,0.12,20190701
A160,2019,8,2637.0,29300,0.09,20190801
A160,2019,9,2051.0,29300,0.07,2019901
A160,2019,10,2344.0,29300,0.08,20191001
A160,2019,11,1465.0,29300,0.05,20191101
A160,2019,12,1172.0,29300,0.04,20191201
A152,2019,1,1272.0,31800,0.04,20190101
A152,2019,2,2226.0,31800,0.07,20190201
A152,2019,3,2226.0,31800,0.07,20190301
A152,2019,4,3180.0,31800,0.1,20190401
A152,2019,5,4134.0,31800,0.13,20190501
A152,2019,6,4452.0,31800,0.14,20190601
A152,2019,7,3816.0,31800,0.12,20190701
A152,2019,8,2862.0,31800,0.09,20190801
A152,2019,9,2226.0,31800,0.07,2019901
A152,2019,10,2544.0,31800,0.08,20191001
A152,2019,11,1590.0,31800,0.05,20191101
A152,2019,12,1272.0,31800,0.04,20191201
A115,2019,1,1672.0,41800,0.04,20190101
A115,2019,2,2926.0000000000005,41800,0.07,20190201
A115,2019,3,2926.0000000000005,41800,0.07,20190301
A115,2019,4,4180.0,41800,0.1,20190401
A115,2019,5,5434.0,41800,0.13,20190501
A115,2019,6,5852.000000000001,41800,0.14,20190601
A115,2019,7,5016.0,41800,0.12,20190701
A115,2019,8,3762.0,41800,0.09,20190801
A115,2019,9,2926.0000000000005,41800,0.07,2019901
A115,2019,10,3344.0,41800,0.08,20191001
A115,2019,11,2090.0,41800,0.05,20191101
A115,2019,12,1672.0,41800,0.04,20191201
A116,2019,1,1620.0,40500,0.04,20190101
A116,2019,2,2835.0000000000005,40500,0.07,20190201
A116,2019,3,2835.0000000000005,40500,0.07,20190301
A116,2019,4,4050.0,40500,0.1,20190401
A116,2019,5,5265.0,40500,0.13,20190501
A116,2019,6,5670.000000000001,40500,0.14,20190601
A116,2019,7,4860.0,40500,0.12,20190701
A116,2019,8,3645.0,40500,0.09,20190801
A116,2019,9,2835.0000000000005,40500,0.07,2019901
A116,2019,10,3240.0,40500,0.08,20191001
A116,2019,11,2025.0,40500,0.05,20191101
A116,2019,12,1620.0,40500,0.04,20191201
A153,2019,1,2508.0,62700,0.04,20190101
A153,2019,2,4389.0,62700,0.07,20190201
A153,2019,3,4389.0,62700,0.07,20190301
A153,2019,4,6270.0,62700,0.1,20190401
A153,2019,5,8151.0,62700,0.13,20190501
A153,2019,6,8778.0,62700,0.14,20190601
A153,2019,7,7524.0,62700,0.12,20190701
A153,2019,8,5643.0,62700,0.09,20190801
A153,2019,9,4389.0,62700,0.07,2019901
A153,2019,10,5016.0,62700,0.08,20191001
A153,2019,11,3135.0,62700,0.05,20191101
A153,2019,12,2508.0,62700,0.04,20191201
A192,2019,1,1244.0,31100,0.04,20190101
A192,2019,2,2177.0,31100,0.07,20190201
A192,2019,3,2177.0,31100,0.07,20190301
A192,2019,4,3110.0,31100,0.1,20190401
A192,2019,5,4043.0,31100,0.13,20190501
A192,2019,6,4354.0,31100,0.14,20190601
A192,2019,7,3732.0,31100,0.12,20190701
A192,2019,8,2799.0,31100,0.09,20190801
A192,2019,9,2177.0,31100,0.07,2019901
A192,2019,10,2488.0,31100,0.08,20191001
A192,2019,11,1555.0,31100,0.05,20191101
A192,2019,12,1244.0,31100,0.04,20191201
A102,2019,1,1116.0,27900,0.04,20190101
A102,2019,2,1953.0000000000002,27900,0.07,20190201
A102,2019,3,1953.0000000000002,27900,0.07,20190301
A102,2019,4,2790.0,27900,0.1,20190401
A102,2019,5,3627.0,27900,0.13,20190501
A102,2019,6,3906.0000000000005,27900,0.14,20190601
A102,2019,7,3348.0,27900,0.12,20190701
A102,2019,8,2511.0,27900,0.09,20190801
A102,2019,9,1953.0000000000002,27900,0.07,2019901
A102,2019,10,2232.0,27900,0.08,20191001
A102,2019,11,1395.0,27900,0.05,20191101
A102,2019,12,1116.0,27900,0.04,20191201
A103,2019,1,1340.0,33500,0.04,20190101
A103,2019,2,2345.0,33500,0.07,20190201
A103,2019,3,2345.0,33500,0.07,20190301
A103,2019,4,3350.0,33500,0.1,20190401
A103,2019,5,4355.0,33500,0.13,20190501
A103,2019,6,4690.0,33500,0.14,20190601
A103,2019,7,4020.0,33500,0.12,20190701
A103,2019,8,3015.0,33500,0.09,20190801
A103,2019,9,2345.0,33500,0.07,2019901
A103,2019,10,2680.0,33500,0.08,20191001
A103,2019,11,1675.0,33500,0.05,20191101
A103,2019,12,1340.0,33500,0.04,20191201
A170,2019,1,1944.0,48600,0.04,20190101
A170,2019,2,3402.0000000000005,48600,0.07,20190201
A170,2019,3,3402.0000000000005,48600,0.07,20190301
A170,2019,4,4860.0,48600,0.1,20190401
A170,2019,5,6318.0,48600,0.13,20190501
A170,2019,6,6804.000000000001,48600,0.14,20190601
A170,2019,7,5832.0,48600,0.12,20190701
A170,2019,8,4374.0,48600,0.09,20190801
A170,2019,9,3402.0000000000005,48600,0.07,2019901
A170,2019,10,3888.0,48600,0.08,20191001
A170,2019,11,2430.0,48600,0.05,20191101
A170,2019,12,1944.0,48600,0.04,20191201
A117,2019,1,2100.0,52500,0.04,20190101
A117,2019,2,3675.0000000000005,52500,0.07,20190201
A117,2019,3,3675.0000000000005,52500,0.07,20190301
A117,2019,4,5250.0,52500,0.1,20190401
A117,2019,5,6825.0,52500,0.13,20190501
A117,2019,6,7350.000000000001,52500,0.14,20190601
A117,2019,7,6300.0,52500,0.12,20190701
A117,2019,8,4725.0,52500,0.09,20190801
A117,2019,9,3675.0000000000005,52500,0.07,2019901
A117,2019,10,4200.0,52500,0.08,20191001
A117,2019,11,2625.0,52500,0.05,20191101
A117,2019,12,2100.0,52500,0.04,20191201
A154,2019,1,1656.0,41400,0.04,20190101
A154,2019,2,2898.0000000000005,41400,0.07,20190201
A154,2019,3,2898.0000000000005,41400,0.07,20190301
A154,2019,4,4140.0,41400,0.1,20190401
A154,2019,5,5382.0,41400,0.13,20190501
A154,2019,6,5796.000000000001,41400,0.14,20190601
A154,2019,7,4968.0,41400,0.12,20190701
A154,2019,8,3726.0,41400,0.09,20190801
A154,2019,9,2898.0000000000005,41400,0.07,2019901
A154,2019,10,3312.0,41400,0.08,20191001
A154,2019,11,2070.0,41400,0.05,20191101
A154,2019,12,1656.0,41400,0.04,20191201
A118,2019,1,2048.0,51200,0.04,20190101
A118,2019,2,3584.0000000000005,51200,0.07,20190201
A118,2019,3,3584.0000000000005,51200,0.07,20190301
A118,2019,4,5120.0,51200,0.1,20190401
A118,2019,5,6656.0,51200,0.13,20190501
A118,2019,6,7168.000000000001,51200,0.14,20190601
A118,2019,7,6144.0,51200,0.12,20190701
A118,2019,8,4608.0,51200,0.09,20190801
A118,2019,9,3584.0000000000005,51200,0.07,2019901
A118,2019,10,4096.0,51200,0.08,20191001
A118,2019,11,2560.0,51200,0.05,20191101
A118,2019,12,2048.0,51200,0.04,20191201
A171,2019,1,756.0,18900,0.04,20190101
A171,2019,2,1323.0000000000002,18900,0.07,20190201
A171,2019,3,1323.0000000000002,18900,0.07,20190301
A171,2019,4,1890.0,18900,0.1,20190401
A171,2019,5,2457.0,18900,0.13,20190501
A171,2019,6,2646.0000000000005,18900,0.14,20190601
A171,2019,7,2268.0,18900,0.12,20190701
A171,2019,8,1701.0,18900,0.09,20190801
A171,2019,9,1323.0000000000002,18900,0.07,2019901
A171,2019,10,1512.0,18900,0.08,20191001
A171,2019,11,945.0,18900,0.05,20191101
A171,2019,12,756.0,18900,0.04,20191201
A172,2019,1,1464.0,36600,0.04,20190101
A172,2019,2,2562.0000000000005,36600,0.07,20190201
A172,2019,3,2562.0000000000005,36600,0.07,20190301
A172,2019,4,3660.0,36600,0.1,20190401
A172,2019,5,4758.0,36600,0.13,20190501
A172,2019,6,5124.000000000001,36600,0.14,20190601
A172,2019,7,4392.0,36600,0.12,20190701
A172,2019,8,3294.0,36600,0.09,20190801
A172,2019,9,2562.0000000000005,36600,0.07,2019901
A172,2019,10,2928.0,36600,0.08,20191001
A172,2019,11,1830.0,36600,0.05,20191101
A172,2019,12,1464.0,36600,0.04,20191201
A119,2019,1,1320.0,33000,0.04,20190101
A119,2019,2,2310.0,33000,0.07,20190201
A119,2019,3,2310.0,33000,0.07,20190301
A119,2019,4,3300.0,33000,0.1,20190401
A119,2019,5,4290.0,33000,0.13,20190501
A119,2019,6,4620.0,33000,0.14,20190601
A119,2019,7,3960.0,33000,0.12,20190701
A119,2019,8,2970.0,33000,0.09,20190801
A119,2019,9,2310.0,33000,0.07,2019901
A119,2019,10,2640.0,33000,0.08,20191001
A119,2019,11,1650.0,33000,0.05,20191101
A119,2019,12,1320.0,33000,0.04,20191201
A161,2019,1,1424.0,35600,0.04,20190101
A161,2019,2,2492.0000000000005,35600,0.07,20190201
A161,2019,3,2492.0000000000005,35600,0.07,20190301
A161,2019,4,3560.0,35600,0.1,20190401
A161,2019,5,4628.0,35600,0.13,20190501
A161,2019,6,4984.000000000001,35600,0.14,20190601
A161,2019,7,4272.0,35600,0.12,20190701
A161,2019,8,3204.0,35600,0.09,20190801
A161,2019,9,2492.0000000000005,35600,0.07,2019901
A161,2019,10,2848.0,35600,0.08,20191001
A161,2019,11,1780.0,35600,0.05,20191101
A161,2019,12,1424.0,35600,0.04,20191201
A120,2019,1,1544.0,38600,0.04,20190101
A120,2019,2,2702.0000000000005,38600,0.07,20190201
A120,2019,3,2702.0000000000005,38600,0.07,20190301
A120,2019,4,3860.0,38600,0.1,20190401
A120,2019,5,5018.0,38600,0.13,20190501
A120,2019,6,5404.000000000001,38600,0.14,20190601
A120,2019,7,4632.0,38600,0.12,20190701
A120,2019,8,3474.0,38600,0.09,20190801
A120,2019,9,2702.0000000000005,38600,0.07,2019901
A120,2019,10,3088.0,38600,0.08,20191001
A120,2019,11,1930.0,38600,0.05,20191101
A120,2019,12,1544.0,38600,0.04,20191201
A121,2019,1,1560.0,39000,0.04,20190101
A121,2019,2,2730.0000000000005,39000,0.07,20190201
A121,2019,3,2730.0000000000005,39000,0.07,20190301
A121,2019,4,3900.0,39000,0.1,20190401
A121,2019,5,5070.0,39000,0.13,20190501
A121,2019,6,5460.000000000001,39000,0.14,20190601
A121,2019,7,4680.0,39000,0.12,20190701
A121,2019,8,3510.0,39000,0.09,20190801
A121,2019,9,2730.0000000000005,39000,0.07,2019901
A121,2019,10,3120.0,39000,0.08,20191001
A121,2019,11,1950.0,39000,0.05,20191101
A121,2019,12,1560.0,39000,0.04,20191201
A144,2019,1,2336.0,58400,0.04,20190101
A144,2019,2,4088.0000000000005,58400,0.07,20190201
A144,2019,3,4088.0000000000005,58400,0.07,20190301
A144,2019,4,5840.0,58400,0.1,20190401
A144,2019,5,7592.0,58400,0.13,20190501
A144,2019,6,8176.000000000001,58400,0.14,20190601
A144,2019,7,7008.0,58400,0.12,20190701
A144,2019,8,5256.0,58400,0.09,20190801
A144,2019,9,4088.0000000000005,58400,0.07,2019901
A144,2019,10,4672.0,58400,0.08,20191001
A144,2019,11,2920.0,58400,0.05,20191101
A144,2019,12,2336.0,58400,0.04,20191201
A139,2019,1,1772.0,44300,0.04,20190101
A139,2019,2,3101.0000000000005,44300,0.07,20190201
A139,2019,3,3101.0000000000005,44300,0.07,20190301
A139,2019,4,4430.0,44300,0.1,20190401
A139,2019,5,5759.0,44300,0.13,20190501
A139,2019,6,6202.000000000001,44300,0.14,20190601
A139,2019,7,5316.0,44300,0.12,20190701
A139,2019,8,3987.0,44300,0.09,20190801
A139,2019,9,3101.0000000000005,44300,0.07,2019901
A139,2019,10,3544.0,44300,0.08,20191001
A139,2019,11,2215.0,44300,0.05,20191101
A139,2019,12,1772.0,44300,0.04,20191201
A158,2019,1,1840.0,46000,0.04,20190101
A158,2019,2,3220.0000000000005,46000,0.07,20190201
A158,2019,3,3220.0000000000005,46000,0.07,20190301
A158,2019,4,4600.0,46000,0.1,20190401
A158,2019,5,5980.0,46000,0.13,20190501
A158,2019,6,6440.000000000001,46000,0.14,20190601
A158,2019,7,5520.0,46000,0.12,20190701
A158,2019,8,4140.0,46000,0.09,20190801
A158,2019,9,3220.0000000000005,46000,0.07,2019901
A158,2019,10,3680.0,46000,0.08,20191001
A158,2019,11,2300.0,46000,0.05,20191101
A158,2019,12,1840.0,46000,0.04,20191201
A173,2019,1,944.0,23600,0.04,20190101
A173,2019,2,1652.0000000000002,23600,0.07,20190201
A173,2019,3,1652.0000000000002,23600,0.07,20190301
A173,2019,4,2360.0,23600,0.1,20190401
A173,2019,5,3068.0,23600,0.13,20190501
A173,2019,6,3304.0000000000005,23600,0.14,20190601
A173,2019,7,2832.0,23600,0.12,20190701
A173,2019,8,2124.0,23600,0.09,20190801
A173,2019,9,1652.0000000000002,23600,0.07,2019901
A173,2019,10,1888.0,23600,0.08,20191001
A173,2019,11,1180.0,23600,0.05,20191101
A173,2019,12,944.0,23600,0.04,20191201
A122,2019,1,1624.0,40600,0.04,20190101
A122,2019,2,2842.0000000000005,40600,0.07,20190201
A122,2019,3,2842.0000000000005,40600,0.07,20190301
A122,2019,4,4060.0,40600,0.1,20190401
A122,2019,5,5278.0,40600,0.13,20190501
A122,2019,6,5684.000000000001,40600,0.14,20190601
A122,2019,7,4872.0,40600,0.12,20190701
A122,2019,8,3654.0,40600,0.09,20190801
A122,2019,9,2842.0000000000005,40600,0.07,2019901
A122,2019,10,3248.0,40600,0.08,20191001
A122,2019,11,2030.0,40600,0.05,20191101
A122,2019,12,1624.0,40600,0.04,20191201
A123,2019,1,2056.0,51400,0.04,20190101
A123,2019,2,3598.0000000000005,51400,0.07,20190201
A123,2019,3,3598.0000000000005,51400,0.07,20190301
A123,2019,4,5140.0,51400,0.1,20190401
A123,2019,5,6682.0,51400,0.13,20190501
A123,2019,6,7196.000000000001,51400,0.14,20190601
A123,2019,7,6168.0,51400,0.12,20190701
A123,2019,8,4626.0,51400,0.09,20190801
A123,2019,9,3598.0000000000005,51400,0.07,2019901
A123,2019,10,4112.0,51400,0.08,20191001
A123,2019,11,2570.0,51400,0.05,20191101
A123,2019,12,2056.0,51400,0.04,20191201
A124,2019,1,1888.0,47200,0.04,20190101
A124,2019,2,3304.0000000000005,47200,0.07,20190201
A124,2019,3,3304.0000000000005,47200,0.07,20190301
A124,2019,4,4720.0,47200,0.1,20190401
A124,2019,5,6136.0,47200,0.13,20190501
A124,2019,6,6608.000000000001,47200,0.14,20190601
A124,2019,7,5664.0,47200,0.12,20190701
A124,2019,8,4248.0,47200,0.09,20190801
A124,2019,9,3304.0000000000005,47200,0.07,2019901
A124,2019,10,3776.0,47200,0.08,20191001
A124,2019,11,2360.0,47200,0.05,20191101
A124,2019,12,1888.0,47200,0.04,20191201
A104,2019,1,1824.0,45600,0.04,20190101
A104,2019,2,3192.0000000000005,45600,0.07,20190201
A104,2019,3,3192.0000000000005,45600,0.07,20190301
A104,2019,4,4560.0,45600,0.1,20190401
A104,2019,5,5928.0,45600,0.13,20190501
A104,2019,6,6384.000000000001,45600,0.14,20190601
A104,2019,7,5472.0,45600,0.12,20190701
A104,2019,8,4104.0,45600,0.09,20190801
A104,2019,9,3192.0000000000005,45600,0.07,2019901
A104,2019,10,3648.0,45600,0.08,20191001
A104,2019,11,2280.0,45600,0.05,20191101
A104,2019,12,1824.0,45600,0.04,20191201
A105,2019,1,2116.0,52900,0.04,20190101
A105,2019,2,3703.0000000000005,52900,0.07,20190201
A105,2019,3,3703.0000000000005,52900,0.07,20190301
A105,2019,4,5290.0,52900,0.1,20190401
A105,2019,5,6877.0,52900,0.13,20190501
A105,2019,6,7406.000000000001,52900,0.14,20190601
A105,2019,7,6348.0,52900,0.12,20190701
A105,2019,8,4761.0,52900,0.09,20190801
A105,2019,9,3703.0000000000005,52900,0.07,2019901
A105,2019,10,4232.0,52900,0.08,20191001
A105,2019,11,2645.0,52900,0.05,20191101
A105,2019,12,2116.0,52900,0.04,20191201
A174,2019,1,1088.0,27200,0.04,20190101
A174,2019,2,1904.0000000000002,27200,0.07,20190201
A174,2019,3,1904.0000000000002,27200,0.07,20190301
A174,2019,4,2720.0,27200,0.1,20190401
A174,2019,5,3536.0,27200,0.13,20190501
A174,2019,6,3808.0000000000005,27200,0.14,20190601
A174,2019,7,3264.0,27200,0.12,20190701
A174,2019,8,2448.0,27200,0.09,20190801
A174,2019,9,1904.0000000000002,27200,0.07,2019901
A174,2019,10,2176.0,27200,0.08,20191001
A174,2019,11,1360.0,27200,0.05,20191101
A174,2019,12,1088.0,27200,0.04,20191201
A162,2019,1,2036.0,50900,0.04,20190101
A162,2019,2,3563.0000000000005,50900,0.07,20190201
A162,2019,3,3563.0000000000005,50900,0.07,20190301
A162,2019,4,5090.0,50900,0.1,20190401
A162,2019,5,6617.0,50900,0.13,20190501
A162,2019,6,7126.000000000001,50900,0.14,20190601
A162,2019,7,6108.0,50900,0.12,20190701
A162,2019,8,4581.0,50900,0.09,20190801
A162,2019,9,3563.0000000000005,50900,0.07,2019901
A162,2019,10,4072.0,50900,0.08,20191001
A162,2019,11,2545.0,50900,0.05,20191101
A162,2019,12,2036.0,50900,0.04,20191201
A193,2019,1,1900.0,47500,0.04,20190101
A193,2019,2,3325.0000000000005,47500,0.07,20190201
A193,2019,3,3325.0000000000005,47500,0.07,20190301
A193,2019,4,4750.0,47500,0.1,20190401
A193,2019,5,6175.0,47500,0.13,20190501
A193,2019,6,6650.000000000001,47500,0.14,20190601
A193,2019,7,5700.0,47500,0.12,20190701
A193,2019,8,4275.0,47500,0.09,20190801
A193,2019,9,3325.0000000000005,47500,0.07,2019901
A193,2019,10,3800.0,47500,0.08,20191001
A193,2019,11,2375.0,47500,0.05,20191101
A193,2019,12,1900.0,47500,0.04,20191201
A194,2019,1,2228.0,55700,0.04,20190101
A194,2019,2,3899.0000000000005,55700,0.07,20190201
A194,2019,3,3899.0000000000005,55700,0.07,20190301
A194,2019,4,5570.0,55700,0.1,20190401
A194,2019,5,7241.0,55700,0.13,20190501
A194,2019,6,7798.000000000001,55700,0.14,20190601
A194,2019,7,6684.0,55700,0.12,20190701
A194,2019,8,5013.0,55700,0.09,20190801
A194,2019,9,3899.0000000000005,55700,0.07,2019901
A194,2019,10,4456.0,55700,0.08,20191001
A194,2019,11,2785.0,55700,0.05,20191101
A194,2019,12,2228.0,55700,0.04,20191201
A188,2019,1,1776.0,44400,0.04,20190101
A188,2019,2,3108.0000000000005,44400,0.07,20190201
A188,2019,3,3108.0000000000005,44400,0.07,20190301
A188,2019,4,4440.0,44400,0.1,20190401
A188,2019,5,5772.0,44400,0.13,20190501
A188,2019,6,6216.000000000001,44400,0.14,20190601
A188,2019,7,5328.0,44400,0.12,20190701
A188,2019,8,3996.0,44400,0.09,20190801
A188,2019,9,3108.0000000000005,44400,0.07,2019901
A188,2019,10,3552.0,44400,0.08,20191001
A188,2019,11,2220.0,44400,0.05,20191101
A188,2019,12,1776.0,44400,0.04,20191201
A175,2019,1,1588.0,39700,0.04,20190101
A175,2019,2,2779.0000000000005,39700,0.07,20190201
A175,2019,3,2779.0000000000005,39700,0.07,20190301
A175,2019,4,3970.0,39700,0.1,20190401
A175,2019,5,5161.0,39700,0.13,20190501
A175,2019,6,5558.000000000001,39700,0.14,20190601
A175,2019,7,4764.0,39700,0.12,20190701
A175,2019,8,3573.0,39700,0.09,20190801
A175,2019,9,2779.0000000000005,39700,0.07,2019901
A175,2019,10,3176.0,39700,0.08,20191001
A175,2019,11,1985.0,39700,0.05,20191101
A175,2019,12,1588.0,39700,0.04,20191201
A125,2019,1,1752.0,43800,0.04,20190101
A125,2019,2,3066.0000000000005,43800,0.07,20190201
A125,2019,3,3066.0000000000005,43800,0.07,20190301
A125,2019,4,4380.0,43800,0.1,20190401
A125,2019,5,5694.0,43800,0.13,20190501
A125,2019,6,6132.000000000001,43800,0.14,20190601
A125,2019,7,5256.0,43800,0.12,20190701
A125,2019,8,3942.0,43800,0.09,20190801
A125,2019,9,3066.0000000000005,43800,0.07,2019901
A125,2019,10,3504.0,43800,0.08,20191001
A125,2019,11,2190.0,43800,0.05,20191101
A125,2019,12,1752.0,43800,0.04,20191201
A176,2019,1,1492.0,37300,0.04,20190101
A176,2019,2,2611.0000000000005,37300,0.07,20190201
A176,2019,3,2611.0000000000005,37300,0.07,20190301
A176,2019,4,3730.0,37300,0.1,20190401
A176,2019,5,4849.0,37300,0.13,20190501
A176,2019,6,5222.000000000001,37300,0.14,20190601
A176,2019,7,4476.0,37300,0.12,20190701
A176,2019,8,3357.0,37300,0.09,20190801
A176,2019,9,2611.0000000000005,37300,0.07,2019901
A176,2019,10,2984.0,37300,0.08,20191001
A176,2019,11,1865.0,37300,0.05,20191101
A176,2019,12,1492.0,37300,0.04,20191201
A126,2019,1,1348.0,33700,0.04,20190101
A126,2019,2,2359.0,33700,0.07,20190201
A126,2019,3,2359.0,33700,0.07,20190301
A126,2019,4,3370.0,33700,0.1,20190401
A126,2019,5,4381.0,33700,0.13,20190501
A126,2019,6,4718.0,33700,0.14,20190601
A126,2019,7,4044.0,33700,0.12,20190701
A126,2019,8,3033.0,33700,0.09,20190801
A126,2019,9,2359.0,33700,0.07,2019901
A126,2019,10,2696.0,33700,0.08,20191001
A126,2019,11,1685.0,33700,0.05,20191101
A126,2019,12,1348.0,33700,0.04,20191201
A163,2019,1,2004.0,50100,0.04,20190101
A163,2019,2,3507.0000000000005,50100,0.07,20190201
A163,2019,3,3507.0000000000005,50100,0.07,20190301
A163,2019,4,5010.0,50100,0.1,20190401
A163,2019,5,6513.0,50100,0.13,20190501
A163,2019,6,7014.000000000001,50100,0.14,20190601
A163,2019,7,6012.0,50100,0.12,20190701
A163,2019,8,4509.0,50100,0.09,20190801
A163,2019,9,3507.0000000000005,50100,0.07,2019901
A163,2019,10,4008.0,50100,0.08,20191001
A163,2019,11,2505.0,50100,0.05,20191101
A163,2019,12,2004.0,50100,0.04,20191201
A127,2019,1,1704.0,42600,0.04,20190101
A127,2019,2,2982.0000000000005,42600,0.07,20190201
A127,2019,3,2982.0000000000005,42600,0.07,20190301
A127,2019,4,4260.0,42600,0.1,20190401
A127,2019,5,5538.0,42600,0.13,20190501
A127,2019,6,5964.000000000001,42600,0.14,20190601
A127,2019,7,5112.0,42600,0.12,20190701
A127,2019,8,3834.0,42600,0.09,20190801
A127,2019,9,2982.0000000000005,42600,0.07,2019901
A127,2019,10,3408.0,42600,0.08,20191001
A127,2019,11,2130.0,42600,0.05,20191101
A127,2019,12,1704.0,42600,0.04,20191201
A128,2019,1,1928.0,48200,0.04,20190101
A128,2019,2,3374.0000000000005,48200,0.07,20190201
A128,2019,3,3374.0000000000005,48200,0.07,20190301
A128,2019,4,4820.0,48200,0.1,20190401
A128,2019,5,6266.0,48200,0.13,20190501
A128,2019,6,6748.000000000001,48200,0.14,20190601
A128,2019,7,5784.0,48200,0.12,20190701
A128,2019,8,4338.0,48200,0.09,20190801
A128,2019,9,3374.0000000000005,48200,0.07,2019901
A128,2019,10,3856.0,48200,0.08,20191001
A128,2019,11,2410.0,48200,0.05,20191101
A128,2019,12,1928.0,48200,0.04,20191201
A129,2019,1,1588.0,39700,0.04,20190101
A129,2019,2,2779.0000000000005,39700,0.07,20190201
A129,2019,3,2779.0000000000005,39700,0.07,20190301
A129,2019,4,3970.0,39700,0.1,20190401
A129,2019,5,5161.0,39700,0.13,20190501
A129,2019,6,5558.000000000001,39700,0.14,20190601
A129,2019,7,4764.0,39700,0.12,20190701
A129,2019,8,3573.0,39700,0.09,20190801
A129,2019,9,2779.0000000000005,39700,0.07,2019901
A129,2019,10,3176.0,39700,0.08,20191001
A129,2019,11,1985.0,39700,0.05,20191101
A129,2019,12,1588.0,39700,0.04,20191201
A185,2019,1,1960.0,49000,0.04,20190101
A185,2019,2,3430.0000000000005,49000,0.07,20190201
A185,2019,3,3430.0000000000005,49000,0.07,20190301
A185,2019,4,4900.0,49000,0.1,20190401
A185,2019,5,6370.0,49000,0.13,20190501
A185,2019,6,6860.000000000001,49000,0.14,20190601
A185,2019,7,5880.0,49000,0.12,20190701
A185,2019,8,4410.0,49000,0.09,20190801
A185,2019,9,3430.0000000000005,49000,0.07,2019901
A185,2019,10,3920.0,49000,0.08,20191001
A185,2019,11,2450.0,49000,0.05,20191101
A185,2019,12,1960.0,49000,0.04,20191201
A177,2019,1,2124.0,53100,0.04,20190101
A177,2019,2,3717.0000000000005,53100,0.07,20190201
A177,2019,3,3717.0000000000005,53100,0.07,20190301
A177,2019,4,5310.0,53100,0.1,20190401
A177,2019,5,6903.0,53100,0.13,20190501
A177,2019,6,7434.000000000001,53100,0.14,20190601
A177,2019,7,6372.0,53100,0.12,20190701
A177,2019,8,4779.0,53100,0.09,20190801
A177,2019,9,3717.0000000000005,53100,0.07,2019901
A177,2019,10,4248.0,53100,0.08,20191001
A177,2019,11,2655.0,53100,0.05,20191101
A177,2019,12,2124.0,53100,0.04,20191201
A155,2019,1,1400.0,35000,0.04,20190101
A155,2019,2,2450.0000000000005,35000,0.07,20190201
A155,2019,3,2450.0000000000005,35000,0.07,20190301
A155,2019,4,3500.0,35000,0.1,20190401
A155,2019,5,4550.0,35000,0.13,20190501
A155,2019,6,4900.000000000001,35000,0.14,20190601
A155,2019,7,4200.0,35000,0.12,20190701
A155,2019,8,3150.0,35000,0.09,20190801
A155,2019,9,2450.0000000000005,35000,0.07,2019901
A155,2019,10,2800.0,35000,0.08,20191001
A155,2019,11,1750.0,35000,0.05,20191101
A155,2019,12,1400.0,35000,0.04,20191201
A178,2019,1,1120.0,28000,0.04,20190101
A178,2019,2,1960.0000000000002,28000,0.07,20190201
A178,2019,3,1960.0000000000002,28000,0.07,20190301
A178,2019,4,2800.0,28000,0.1,20190401
A178,2019,5,3640.0,28000,0.13,20190501
A178,2019,6,3920.0000000000005,28000,0.14,20190601
A178,2019,7,3360.0,28000,0.12,20190701
A178,2019,8,2520.0,28000,0.09,20190801
A178,2019,9,1960.0000000000002,28000,0.07,2019901
A178,2019,10,2240.0,28000,0.08,20191001
A178,2019,11,1400.0,28000,0.05,20191101
A178,2019,12,1120.0,28000,0.04,20191201
A195,2019,1,1876.0,46900,0.04,20190101
A195,2019,2,3283.0000000000005,46900,0.07,20190201
A195,2019,3,3283.0000000000005,46900,0.07,20190301
A195,2019,4,4690.0,46900,0.1,20190401
A195,2019,5,6097.0,46900,0.13,20190501
A195,2019,6,6566.000000000001,46900,0.14,20190601
A195,2019,7,5628.0,46900,0.12,20190701
A195,2019,8,4221.0,46900,0.09,20190801
A195,2019,9,3283.0000000000005,46900,0.07,2019901
A195,2019,10,3752.0,46900,0.08,20191001
A195,2019,11,2345.0,46900,0.05,20191101
A195,2019,12,1876.0,46900,0.04,20191201
A179,2019,1,2348.0,58700,0.04,20190101
A179,2019,2,4109.0,58700,0.07,20190201
A179,2019,3,4109.0,58700,0.07,20190301
A179,2019,4,5870.0,58700,0.1,20190401
A179,2019,5,7631.0,58700,0.13,20190501
A179,2019,6,8218.0,58700,0.14,20190601
A179,2019,7,7044.0,58700,0.12,20190701
A179,2019,8,5283.0,58700,0.09,20190801
A179,2019,9,4109.0,58700,0.07,2019901
A179,2019,10,4696.0,58700,0.08,20191001
A179,2019,11,2935.0,58700,0.05,20191101
A179,2019,12,2348.0,58700,0.04,20191201
A140,2019,1,1720.0,43000,0.04,20190101
A140,2019,2,3010.0000000000005,43000,0.07,20190201
A140,2019,3,3010.0000000000005,43000,0.07,20190301
A140,2019,4,4300.0,43000,0.1,20190401
A140,2019,5,5590.0,43000,0.13,20190501
A140,2019,6,6020.000000000001,43000,0.14,20190601
A140,2019,7,5160.0,43000,0.12,20190701
A140,2019,8,3870.0,43000,0.09,20190801
A140,2019,9,3010.0000000000005,43000,0.07,2019901
A140,2019,10,3440.0,43000,0.08,20191001
A140,2019,11,2150.0,43000,0.05,20191101
A140,2019,12,1720.0,43000,0.04,20191201
A141,2019,1,2212.0,55300,0.04,20190101
A141,2019,2,3871.0000000000005,55300,0.07,20190201
A141,2019,3,3871.0000000000005,55300,0.07,20190301
A141,2019,4,5530.0,55300,0.1,20190401
A141,2019,5,7189.0,55300,0.13,20190501
A141,2019,6,7742.000000000001,55300,0.14,20190601
A141,2019,7,6636.0,55300,0.12,20190701
A141,2019,8,4977.0,55300,0.09,20190801
A141,2019,9,3871.0000000000005,55300,0.07,2019901
A141,2019,10,4424.0,55300,0.08,20191001
A141,2019,11,2765.0,55300,0.05,20191101
A141,2019,12,2212.0,55300,0.04,20191201
A180,2019,1,2604.0,65100,0.04,20190101
A180,2019,2,4557.0,65100,0.07,20190201
A180,2019,3,4557.0,65100,0.07,20190301
A180,2019,4,6510.0,65100,0.1,20190401
A180,2019,5,8463.0,65100,0.13,20190501
A180,2019,6,9114.0,65100,0.14,20190601
A180,2019,7,7812.0,65100,0.12,20190701
A180,2019,8,5859.0,65100,0.09,20190801
A180,2019,9,4557.0,65100,0.07,2019901
A180,2019,10,5208.0,65100,0.08,20191001
A180,2019,11,3255.0,65100,0.05,20191101
A180,2019,12,2604.0,65100,0.04,20191201
A130,2019,1,1648.0,41200,0.04,20190101
A130,2019,2,2884.0000000000005,41200,0.07,20190201
A130,2019,3,2884.0000000000005,41200,0.07,20190301
A130,2019,4,4120.0,41200,0.1,20190401
A130,2019,5,5356.0,41200,0.13,20190501
A130,2019,6,5768.000000000001,41200,0.14,20190601
A130,2019,7,4944.0,41200,0.12,20190701
A130,2019,8,3708.0,41200,0.09,20190801
A130,2019,9,2884.0000000000005,41200,0.07,2019901
A130,2019,10,3296.0,41200,0.08,20191001
A130,2019,11,2060.0,41200,0.05,20191101
A130,2019,12,1648.0,41200,0.04,20191201
A145,2019,1,1048.0,26200,0.04,20190101
A145,2019,2,1834.0000000000002,26200,0.07,20190201
A145,2019,3,1834.0000000000002,26200,0.07,20190301
A145,2019,4,2620.0,26200,0.1,20190401
A145,2019,5,3406.0,26200,0.13,20190501
A145,2019,6,3668.0000000000005,26200,0.14,20190601
A145,2019,7,3144.0,26200,0.12,20190701
A145,2019,8,2358.0,26200,0.09,20190801
A145,2019,9,1834.0000000000002,26200,0.07,2019901
A145,2019,10,2096.0,26200,0.08,20191001
A145,2019,11,1310.0,26200,0.05,20191101
A145,2019,12,1048.0,26200,0.04,20191201
A131,2019,1,784.0,19600,0.04,20190101
A131,2019,2,1372.0000000000002,19600,0.07,20190201
A131,2019,3,1372.0000000000002,19600,0.07,20190301
A131,2019,4,1960.0,19600,0.1,20190401
A131,2019,5,2548.0,19600,0.13,20190501
A131,2019,6,2744.0000000000005,19600,0.14,20190601
A131,2019,7,2352.0,19600,0.12,20190701
A131,2019,8,1764.0,19600,0.09,20190801
A131,2019,9,1372.0000000000002,19600,0.07,2019901
A131,2019,10,1568.0,19600,0.08,20191001
A131,2019,11,980.0,19600,0.05,20191101
A131,2019,12,784.0,19600,0.04,20191201
A106,2019,1,2136.0,53400,0.04,20190101
A106,2019,2,3738.0000000000005,53400,0.07,20190201
A106,2019,3,3738.0000000000005,53400,0.07,20190301
A106,2019,4,5340.0,53400,0.1,20190401
A106,2019,5,6942.0,53400,0.13,20190501
A106,2019,6,7476.000000000001,53400,0.14,20190601
A106,2019,7,6408.0,53400,0.12,20190701
A106,2019,8,4806.0,53400,0.09,20190801
A106,2019,9,3738.0000000000005,53400,0.07,2019901
A106,2019,10,4272.0,53400,0.08,20191001
A106,2019,11,2670.0,53400,0.05,20191101
A106,2019,12,2136.0,53400,0.04,20191201
A107,2019,1,1312.0,32800,0.04,20190101
A107,2019,2,2296.0,32800,0.07,20190201
A107,2019,3,2296.0,32800,0.07,20190301
A107,2019,4,3280.0,32800,0.1,20190401
A107,2019,5,4264.0,32800,0.13,20190501
A107,2019,6,4592.0,32800,0.14,20190601
A107,2019,7,3936.0,32800,0.12,20190701
A107,2019,8,2952.0,32800,0.09,20190801
A107,2019,9,2296.0,32800,0.07,2019901
A107,2019,10,2624.0,32800,0.08,20191001
A107,2019,11,1640.0,32800,0.05,20191101
A107,2019,12,1312.0,32800,0.04,20191201
A181,2019,1,1996.0,49900,0.04,20190101
A181,2019,2,3493.0000000000005,49900,0.07,20190201
A181,2019,3,3493.0000000000005,49900,0.07,20190301
A181,2019,4,4990.0,49900,0.1,20190401
A181,2019,5,6487.0,49900,0.13,20190501
A181,2019,6,6986.000000000001,49900,0.14,20190601
A181,2019,7,5988.0,49900,0.12,20190701
A181,2019,8,4491.0,49900,0.09,20190801
A181,2019,9,3493.0000000000005,49900,0.07,2019901
A181,2019,10,3992.0,49900,0.08,20191001
A181,2019,11,2495.0,49900,0.05,20191101
A181,2019,12,1996.0,49900,0.04,20191201
A182,2019,1,1928.0,48200,0.04,20190101
A182,2019,2,3374.0000000000005,48200,0.07,20190201
A182,2019,3,3374.0000000000005,48200,0.07,20190301
A182,2019,4,4820.0,48200,0.1,20190401
A182,2019,5,6266.0,48200,0.13,20190501
A182,2019,6,6748.000000000001,48200,0.14,20190601
A182,2019,7,5784.0,48200,0.12,20190701
A182,2019,8,4338.0,48200,0.09,20190801
A182,2019,9,3374.0000000000005,48200,0.07,2019901
A182,2019,10,3856.0,48200,0.08,20191001
A182,2019,11,2410.0,48200,0.05,20191101
A182,2019,12,1928.0,48200,0.04,20191201
A132,2019,1,1460.0,36500,0.04,20190101
A132,2019,2,2555.0000000000005,36500,0.07,20190201
A132,2019,3,2555.0000000000005,36500,0.07,20190301
A132,2019,4,3650.0,36500,0.1,20190401
A132,2019,5,4745.0,36500,0.13,20190501
A132,2019,6,5110.000000000001,36500,0.14,20190601
A132,2019,7,4380.0,36500,0.12,20190701
A132,2019,8,3285.0,36500,0.09,20190801
A132,2019,9,2555.0000000000005,36500,0.07,2019901
A132,2019,10,2920.0,36500,0.08,20191001
A132,2019,11,1825.0,36500,0.05,20191101
A132,2019,12,1460.0,36500,0.04,20191201
A133,2019,1,1800.0,45000,0.04,20190101
A133,2019,2,3150.0000000000005,45000,0.07,20190201
A133,2019,3,3150.0000000000005,45000,0.07,20190301
A133,2019,4,4500.0,45000,0.1,20190401
A133,2019,5,5850.0,45000,0.13,20190501
A133,2019,6,6300.000000000001,45000,0.14,20190601
A133,2019,7,5400.0,45000,0.12,20190701
A133,2019,8,4050.0,45000,0.09,20190801
A133,2019,9,3150.0000000000005,45000,0.07,2019901
A133,2019,10,3600.0,45000,0.08,20191001
A133,2019,11,2250.0,45000,0.05,20191101
A133,2019,12,1800.0,45000,0.04,20191201
A183,2019,1,1244.0,31100,0.04,20190101
A183,2019,2,2177.0,31100,0.07,20190201
A183,2019,3,2177.0,31100,0.07,20190301
A183,2019,4,3110.0,31100,0.1,20190401
A183,2019,5,4043.0,31100,0.13,20190501
A183,2019,6,4354.0,31100,0.14,20190601
A183,2019,7,3732.0,31100,0.12,20190701
A183,2019,8,2799.0,31100,0.09,20190801
A183,2019,9,2177.0,31100,0.07,2019901
A183,2019,10,2488.0,31100,0.08,20191001
A183,2019,11,1555.0,31100,0.05,20191101
A183,2019,12,1244.0,31100,0.04,20191201
A196,2019,1,2196.0,54900,0.04,20190101
A196,2019,2,3843.0000000000005,54900,0.07,20190201
A196,2019,3,3843.0000000000005,54900,0.07,20190301
A196,2019,4,5490.0,54900,0.1,20190401
A196,2019,5,7137.0,54900,0.13,20190501
A196,2019,6,7686.000000000001,54900,0.14,20190601
A196,2019,7,6588.0,54900,0.12,20190701
A196,2019,8,4941.0,54900,0.09,20190801
A196,2019,9,3843.0000000000005,54900,0.07,2019901
A196,2019,10,4392.0,54900,0.08,20191001
A196,2019,11,2745.0,54900,0.05,20191101
A196,2019,12,2196.0,54900,0.04,20191201
A108,2019,1,1740.0,43500,0.04,20190101
A108,2019,2,3045.0000000000005,43500,0.07,20190201
A108,2019,3,3045.0000000000005,43500,0.07,20190301
A108,2019,4,4350.0,43500,0.1,20190401
A108,2019,5,5655.0,43500,0.13,20190501
A108,2019,6,6090.000000000001,43500,0.14,20190601
A108,2019,7,5220.0,43500,0.12,20190701
A108,2019,8,3915.0,43500,0.09,20190801
A108,2019,9,3045.0000000000005,43500,0.07,2019901
A108,2019,10,3480.0,43500,0.08,20191001
A108,2019,11,2175.0,43500,0.05,20191101
A108,2019,12,1740.0,43500,0.04,20191201
A109,2019,1,1160.0,29000,0.04,20190101
A109,2019,2,2030.0000000000002,29000,0.07,20190201
A109,2019,3,2030.0000000000002,29000,0.07,20190301
A109,2019,4,2900.0,29000,0.1,20190401
A109,2019,5,3770.0,29000,0.13,20190501
A109,2019,6,4060.0000000000005,29000,0.14,20190601
A109,2019,7,3480.0,29000,0.12,20190701
A109,2019,8,2610.0,29000,0.09,20190801
A109,2019,9,2030.0000000000002,29000,0.07,2019901
A109,2019,10,2320.0,29000,0.08,20191001
A109,2019,11,1450.0,29000,0.05,20191101
A109,2019,12,1160.0,29000,0.04,20191201
A134,2019,1,1332.0,33300,0.04,20190101
A134,2019,2,2331.0,33300,0.07,20190201
A134,2019,3,2331.0,33300,0.07,20190301
A134,2019,4,3330.0,33300,0.1,20190401
A134,2019,5,4329.0,33300,0.13,20190501
A134,2019,6,4662.0,33300,0.14,20190601
A134,2019,7,3996.0,33300,0.12,20190701
A134,2019,8,2997.0,33300,0.09,20190801
A134,2019,9,2331.0,33300,0.07,2019901
A134,2019,10,2664.0,33300,0.08,20191001
A134,2019,11,1665.0,33300,0.05,20191101
A134,2019,12,1332.0,33300,0.04,20191201
A156,2019,1,1740.0,43500,0.04,20190101
A156,2019,2,3045.0000000000005,43500,0.07,20190201
A156,2019,3,3045.0000000000005,43500,0.07,20190301
A156,2019,4,4350.0,43500,0.1,20190401
A156,2019,5,5655.0,43500,0.13,20190501
A156,2019,6,6090.000000000001,43500,0.14,20190601
A156,2019,7,5220.0,43500,0.12,20190701
A156,2019,8,3915.0,43500,0.09,20190801
A156,2019,9,3045.0000000000005,43500,0.07,2019901
A156,2019,10,3480.0,43500,0.08,20191001
A156,2019,11,2175.0,43500,0.05,20191101
A156,2019,12,1740.0,43500,0.04,20191201
A157,2019,1,2196.0,54900,0.04,20190101
A157,2019,2,3843.0000000000005,54900,0.07,20190201
A157,2019,3,3843.0000000000005,54900,0.07,20190301
A157,2019,4,5490.0,54900,0.1,20190401
A157,2019,5,7137.0,54900,0.13,20190501
A157,2019,6,7686.000000000001,54900,0.14,20190601
A157,2019,7,6588.0,54900,0.12,20190701
A157,2019,8,4941.0,54900,0.09,20190801
A157,2019,9,3843.0000000000005,54900,0.07,2019901
A157,2019,10,4392.0,54900,0.08,20191001
A157,2019,11,2745.0,54900,0.05,20191101
A157,2019,12,2196.0,54900,0.04,20191201
A164,2019,1,1320.0,33000,0.04,20190101
A164,2019,2,2310.0,33000,0.07,20190201
A164,2019,3,2310.0,33000,0.07,20190301
A164,2019,4,3300.0,33000,0.1,20190401
A164,2019,5,4290.0,33000,0.13,20190501
A164,2019,6,4620.0,33000,0.14,20190601
A164,2019,7,3960.0,33000,0.12,20190701
A164,2019,8,2970.0,33000,0.09,20190801
A164,2019,9,2310.0,33000,0.07,2019901
A164,2019,10,2640.0,33000,0.08,20191001
A164,2019,11,1650.0,33000,0.05,20191101
A164,2019,12,1320.0,33000,0.04,20191201
A146,2019,1,1780.0,44500,0.04,20190101
A146,2019,2,3115.0000000000005,44500,0.07,20190201
A146,2019,3,3115.0000000000005,44500,0.07,20190301
A146,2019,4,4450.0,44500,0.1,20190401
A146,2019,5,5785.0,44500,0.13,20190501
A146,2019,6,6230.000000000001,44500,0.14,20190601
A146,2019,7,5340.0,44500,0.12,20190701
A146,2019,8,4005.0,44500,0.09,20190801
A146,2019,9,3115.0000000000005,44500,0.07,2019901
A146,2019,10,3560.0,44500,0.08,20191001
A146,2019,11,2225.0,44500,0.05,20191101
A146,2019,12,1780.0,44500,0.04,20191201
A184,2019,1,2068.0,51700,0.04,20190101
A184,2019,2,3619.0000000000005,51700,0.07,20190201
A184,2019,3,3619.0000000000005,51700,0.07,20190301
A184,2019,4,5170.0,51700,0.1,20190401
A184,2019,5,6721.0,51700,0.13,20190501
A184,2019,6,7238.000000000001,51700,0.14,20190601
A184,2019,7,6204.0,51700,0.12,20190701
A184,2019,8,4653.0,51700,0.09,20190801
A184,2019,9,3619.0000000000005,51700,0.07,2019901
A184,2019,10,4136.0,51700,0.08,20191001
A184,2019,11,2585.0,51700,0.05,20191101
A184,2019,12,2068.0,51700,0.04,20191201
